epoch,mask,nomask
1,4.44271702743161,4.278868550759545
2,3.256857108516832,3.105319842747142
3,3.002335852120413,2.863407068620733
4,2.8583454442749727,2.723390058629738
5,2.752136091176379,2.6210565643691153
6,2.6664045282683695,2.541103008319291
7,2.594955890370912,2.474110451820012
8,2.5378610438866005,2.4205952064782754
9,2.4910680676122703,2.3766953898709944
10,2.4561578081522715,2.3447094036548393
